ts,profile,equity
1775669542130,ideal,-2.2501942633629
1775669542130,good,-2.25131913552015
1775669542130,realistic,-2.25311893097175
1775669542130,bad,-2.25761841960075
