ts,profile,equity
1775675289530,ideal,-0.624369573945
1775675289530,good,-0.6246816963075
1775675289530,realistic,-0.6251810920875
1775675289530,bad,-0.6264295815375
