ts,profile,equity
1775727709148,ideal,-8.862395206392
1775727709148,good,-8.857963122372
1775727709148,realistic,-8.85087178794
1775727709148,bad,-8.83314345186
